0,00000000,00006db7,27,00006000,,,,
0,00000004,000d8d93,27,00006000,,,,
0,00000008,00008137,2,00008000,,,,
0,0000000c,00010113,2,00008000,,,,
0,00000010,fff00293,5,ffffffff,,,,
0,00000014,00100313,6,00000001,,,,
0,00000018,800003b7,7,80000000,,,,
0,0000001c,00038393,7,80000000,,,,
0,00000020,80000437,8,80000000,,,,
0,00000024,fff40413,8,7fffffff,,,,
0,00000028,00000493,9,00000000,,,,
0,0000002c,12345537,10,12345000,,,,
0,00000030,67850513,10,12345678,,,,
0,00000034,00ff05b7,11,00ff0000,,,,
0,00000038,0ff58593,11,00ff00ff,,,,
0,0000003c,ff010637,12,ff010000,,,,
0,00000040,f0060613,12,ff00ff00,,,,
0,00000044,00500693,13,00000005,,,,
0,00000048,0aada023,,,sw,000060a0,4,12345678
0,0000004c,deadc1b7,3,deadc000,,,,
0,00000050,eef18193,3,deadbeef,,,,
0,00000054,0a3da223,,,sw,000060a4,4,deadbeef
0,00000058,aaaab1b7,3,aaaab000,,,,
0,0000005c,aaa18193,3,aaaaaaaa,,,,
0,00000060,0a3da423,,,sw,000060a8,4,aaaaaaaa
0,00000064,0a3da623,,,sw,000060ac,4,aaaaaaaa
0,00000068,006281b3,3,00000000,,,,
0,0000006c,023da023,,,sw,00006020,4,00000000
0,00000070,405301b3,3,00000002,,,,
0,00000074,023da223,,,sw,00006024,4,00000002
0,00000078,00d291b3,3,ffffffe0,,,,
0,0000007c,023da423,,,sw,00006028,4,ffffffe0
0,00000080,0063a1b3,3,00000001,,,,
0,00000084,023da623,,,sw,0000602c,4,00000001
0,00000088,0062b1b3,3,00000000,,,,
0,0000008c,023da823,,,sw,00006030,4,00000000
0,00000090,00c5c1b3,3,ffffffff,,,,
0,00000094,023daa23,,,sw,00006034,4,ffffffff
0,00000098,00400713,14,00000004,,,,
0,0000009c,00e3d1b3,3,08000000,,,,
0,000000a0,023dac23,,,sw,00006038,4,08000000
0,000000a4,00100713,14,00000001,,,,
0,000000a8,40e3d1b3,3,c0000000,,,,
0,000000ac,023dae23,,,sw,0000603c,4,c0000000
0,000000b0,00c5f1b3,3,00000000,,,,
0,000000b4,043da023,,,sw,00006040,4,00000000
0,000000b8,00c5e1b3,3,ffffffff,,,,
0,000000bc,043da223,,,sw,00006044,4,ffffffff
0,000000c0,fff30193,3,00000000,,,,
0,000000c4,043da423,,,sw,00006048,4,00000000
0,000000c8,01059193,3,00ff0000,,,,
0,000000cc,043da623,,,sw,0000604c,4,00ff0000
0,000000d0,fff3a193,3,00000001,,,,
0,000000d4,043da823,,,sw,00006050,4,00000001
0,000000d8,fff33193,3,00000001,,,,
0,000000dc,043daa23,,,sw,00006054,4,00000001
0,000000e0,01f3d193,3,00000001,,,,
0,000000e4,043dac23,,,sw,00006058,4,00000001
0,000000e8,41f3d193,3,ffffffff,,,,
0,000000ec,043dae23,,,sw,0000605c,4,ffffffff
0,000000f0,f14020f3,1,00000000,,,,
0,000000f4,061da023,,,sw,00006060,4,00000000
0,000000f8,00000a97,21,000000f8,,,,
0,000000fc,00ca8a93,21,00000104,,,,
0,00000100,00800b6f,22,00000104,,,,
0,00000108,115b1263,0,00000000,,,,
0,0000010c,00000b97,23,0000010c,,,,
0,00000110,014b8b93,23,00000120,,,,
0,00000114,fffb8b93,23,0000011f,,,,
0,00000118,00000c97,25,00000118,,,,
0,0000011c,001b8c67,24,00000120,,,,
0,00000120,008c8c93,25,00000120,,,,
0,00000124,0f9c1463,0,00000000,,,,
0,00000128,00100213,4,00000001,,,,
0,0000012c,064da223,,,sw,00006064,4,00000001
0,00000130,00000a97,21,00000130,,,,
0,00000134,00ca8a93,21,0000013c,,,,
0,00000138,004a8a93,21,00000140,,,,
0,0000013c,00800b6f,22,00000140,,,,
0,00000144,0d5b1463,0,00000000,,,,
0,00000148,123451b7,3,12345000,,,,
0,0000014c,063da423,,,sw,00006068,4,12345000
0,00000150,0a0da183,3,12345678,lw,000060a0,4,12345678
0,00000154,063da623,,,sw,0000606c,4,12345678
0,00000158,0a4d8183,3,ffffffef,lb,000060a4,1,000000ef
0,0000015c,063da823,,,sw,00006070,4,ffffffef
0,00000160,0a4dc183,3,000000ef,lbu,000060a4,1,000000ef
0,00000164,063daa23,,,sw,00006074,4,000000ef
0,00000168,0a6d9183,3,ffffdead,lh,000060a6,2,0000dead
0,0000016c,063dac23,,,sw,00006078,4,ffffdead
0,00000170,0a6dd183,3,0000dead,lhu,000060a6,2,0000dead
0,00000174,063dae23,,,sw,0000607c,4,0000dead
0,00000178,0bb00213,4,000000bb,,,,
0,0000017c,0a4d9523,,,sh,000060aa,2,00bb0000
0,00000180,0a8da183,3,00bbaaaa,lw,000060a8,4,00bbaaaa
0,00000184,083da023,,,sw,00006080,4,00bbaaaa
0,00000188,01100213,4,00000011,,,,
0,0000018c,0a4d8623,,,sb,000060ac,1,00000011
0,00000190,0acda183,3,aaaaaa11,lw,000060ac,4,aaaaaa11
0,00000194,083da223,,,sw,00006084,4,aaaaaa11
0,00000198,007dd463,0,00000000,,,,
0,000001a0,0053c463,0,00000000,,,,
0,000001a8,0062f463,0,00000000,,,,
0,000001b0,00536463,0,00000000,,,,
0,000001b8,00048463,0,00000000,,,,
0,000001c0,00051463,0,00000000,,,,
0,000001c8,020d8793,15,00006020,,,,
0,000001cc,00001817,16,000011cc,,,,
0,000001d0,e3480813,16,00001000,,,,
0,000001d4,01a00993,19,0000001a,,,,
0,000001d8,00000e13,28,00000000,,,,
0,000001dc,0007a883,17,00000000,lw,00006020,4,00000000
0,000001e0,00082903,18,00000000,lw,00001000,4,00000000
0,000001e4,03289463,0,00000000,,,,
0,000001e8,00478793,15,00006024,,,,
0,000001ec,00480813,16,00001004,,,,
0,000001f0,001e0e13,28,00000001,,,,
0,000001f4,ff3e64e3,0,00000000,,,,
0,000001dc,0007a883,17,00000002,lw,00006024,4,00000002
0,000001e0,00082903,18,00000002,lw,00001004,4,00000002
0,000001e4,03289463,0,00000000,,,,
0,000001e8,00478793,15,00006028,,,,
0,000001ec,00480813,16,00001008,,,,
0,000001f0,001e0e13,28,00000002,,,,
0,000001f4,ff3e64e3,0,00000000,,,,
0,000001dc,0007a883,17,ffffffe0,lw,00006028,4,ffffffe0
0,000001e0,00082903,18,ffffffe0,lw,00001008,4,ffffffe0
0,000001e4,03289463,0,00000000,,,,
0,000001e8,00478793,15,0000602c,,,,
0,000001ec,00480813,16,0000100c,,,,
0,000001f0,001e0e13,28,00000003,,,,
0,000001f4,ff3e64e3,0,00000000,,,,
0,000001dc,0007a883,17,00000001,lw,0000602c,4,00000001
0,000001e0,00082903,18,00000001,lw,0000100c,4,00000001
0,000001e4,03289463,0,00000000,,,,
0,000001e8,00478793,15,00006030,,,,
0,000001ec,00480813,16,00001010,,,,
0,000001f0,001e0e13,28,00000004,,,,
0,000001f4,ff3e64e3,0,00000000,,,,
0,000001dc,0007a883,17,00000000,lw,00006030,4,00000000
0,000001e0,00082903,18,00000000,lw,00001010,4,00000000
0,000001e4,03289463,0,00000000,,,,
0,000001e8,00478793,15,00006034,,,,
0,000001ec,00480813,16,00001014,,,,
0,000001f0,001e0e13,28,00000005,,,,
0,000001f4,ff3e64e3,0,00000000,,,,
0,000001dc,0007a883,17,ffffffff,lw,00006034,4,ffffffff
0,000001e0,00082903,18,ffffffff,lw,00001014,4,ffffffff
0,000001e4,03289463,0,00000000,,,,
0,000001e8,00478793,15,00006038,,,,
0,000001ec,00480813,16,00001018,,,,
0,000001f0,001e0e13,28,00000006,,,,
0,000001f4,ff3e64e3,0,00000000,,,,
0,000001dc,0007a883,17,08000000,lw,00006038,4,08000000
0,000001e0,00082903,18,08000000,lw,00001018,4,08000000
0,000001e4,03289463,0,00000000,,,,
0,000001e8,00478793,15,0000603c,,,,
0,000001ec,00480813,16,0000101c,,,,
0,000001f0,001e0e13,28,00000007,,,,
0,000001f4,ff3e64e3,0,00000000,,,,
0,000001dc,0007a883,17,c0000000,lw,0000603c,4,c0000000
0,000001e0,00082903,18,c0000000,lw,0000101c,4,c0000000
0,000001e4,03289463,0,00000000,,,,
0,000001e8,00478793,15,00006040,,,,
0,000001ec,00480813,16,00001020,,,,
0,000001f0,001e0e13,28,00000008,,,,
0,000001f4,ff3e64e3,0,00000000,,,,
0,000001dc,0007a883,17,00000000,lw,00006040,4,00000000
0,000001e0,00082903,18,00000000,lw,00001020,4,00000000
0,000001e4,03289463,0,00000000,,,,
0,000001e8,00478793,15,00006044,,,,
0,000001ec,00480813,16,00001024,,,,
0,000001f0,001e0e13,28,00000009,,,,
0,000001f4,ff3e64e3,0,00000000,,,,
0,000001dc,0007a883,17,ffffffff,lw,00006044,4,ffffffff
0,000001e0,00082903,18,ffffffff,lw,00001024,4,ffffffff
0,000001e4,03289463,0,00000000,,,,
0,000001e8,00478793,15,00006048,,,,
0,000001ec,00480813,16,00001028,,,,
0,000001f0,001e0e13,28,0000000a,,,,
0,000001f4,ff3e64e3,0,00000000,,,,
0,000001dc,0007a883,17,00000000,lw,00006048,4,00000000
0,000001e0,00082903,18,00000000,lw,00001028,4,00000000
0,000001e4,03289463,0,00000000,,,,
0,000001e8,00478793,15,0000604c,,,,
0,000001ec,00480813,16,0000102c,,,,
0,000001f0,001e0e13,28,0000000b,,,,
0,000001f4,ff3e64e3,0,00000000,,,,
0,000001dc,0007a883,17,00ff0000,lw,0000604c,4,00ff0000
0,000001e0,00082903,18,00ff0000,lw,0000102c,4,00ff0000
0,000001e4,03289463,0,00000000,,,,
0,000001e8,00478793,15,00006050,,,,
0,000001ec,00480813,16,00001030,,,,
0,000001f0,001e0e13,28,0000000c,,,,
0,000001f4,ff3e64e3,0,00000000,,,,
0,000001dc,0007a883,17,00000001,lw,00006050,4,00000001
0,000001e0,00082903,18,00000001,lw,00001030,4,00000001
0,000001e4,03289463,0,00000000,,,,
0,000001e8,00478793,15,00006054,,,,
0,000001ec,00480813,16,00001034,,,,
0,000001f0,001e0e13,28,0000000d,,,,
0,000001f4,ff3e64e3,0,00000000,,,,
0,000001dc,0007a883,17,00000001,lw,00006054,4,00000001
0,000001e0,00082903,18,00000001,lw,00001034,4,00000001
0,000001e4,03289463,0,00000000,,,,
0,000001e8,00478793,15,00006058,,,,
0,000001ec,00480813,16,00001038,,,,
0,000001f0,001e0e13,28,0000000e,,,,
0,000001f4,ff3e64e3,0,00000000,,,,
0,000001dc,0007a883,17,00000001,lw,00006058,4,00000001
0,000001e0,00082903,18,00000001,lw,00001038,4,00000001
0,000001e4,03289463,0,00000000,,,,
0,000001e8,00478793,15,0000605c,,,,
0,000001ec,00480813,16,0000103c,,,,
0,000001f0,001e0e13,28,0000000f,,,,
0,000001f4,ff3e64e3,0,00000000,,,,
0,000001dc,0007a883,17,ffffffff,lw,0000605c,4,ffffffff
0,000001e0,00082903,18,ffffffff,lw,0000103c,4,ffffffff
0,000001e4,03289463,0,00000000,,,,
0,000001e8,00478793,15,00006060,,,,
0,000001ec,00480813,16,00001040,,,,
0,000001f0,001e0e13,28,00000010,,,,
0,000001f4,ff3e64e3,0,00000000,,,,
0,000001dc,0007a883,17,00000000,lw,00006060,4,00000000
0,000001e0,00082903,18,00000000,lw,00001040,4,00000000
0,000001e4,03289463,0,00000000,,,,
0,000001e8,00478793,15,00006064,,,,
0,000001ec,00480813,16,00001044,,,,
0,000001f0,001e0e13,28,00000011,,,,
0,000001f4,ff3e64e3,0,00000000,,,,
0,000001dc,0007a883,17,00000001,lw,00006064,4,00000001
0,000001e0,00082903,18,00000001,lw,00001044,4,00000001
0,000001e4,03289463,0,00000000,,,,
0,000001e8,00478793,15,00006068,,,,
0,000001ec,00480813,16,00001048,,,,
0,000001f0,001e0e13,28,00000012,,,,
0,000001f4,ff3e64e3,0,00000000,,,,
0,000001dc,0007a883,17,12345000,lw,00006068,4,12345000
0,000001e0,00082903,18,12345000,lw,00001048,4,12345000
0,000001e4,03289463,0,00000000,,,,
0,000001e8,00478793,15,0000606c,,,,
0,000001ec,00480813,16,0000104c,,,,
0,000001f0,001e0e13,28,00000013,,,,
0,000001f4,ff3e64e3,0,00000000,,,,
0,000001dc,0007a883,17,12345678,lw,0000606c,4,12345678
0,000001e0,00082903,18,12345678,lw,0000104c,4,12345678
0,000001e4,03289463,0,00000000,,,,
0,000001e8,00478793,15,00006070,,,,
0,000001ec,00480813,16,00001050,,,,
0,000001f0,001e0e13,28,00000014,,,,
0,000001f4,ff3e64e3,0,00000000,,,,
0,000001dc,0007a883,17,ffffffef,lw,00006070,4,ffffffef
0,000001e0,00082903,18,ffffffef,lw,00001050,4,ffffffef
0,000001e4,03289463,0,00000000,,,,
0,000001e8,00478793,15,00006074,,,,
0,000001ec,00480813,16,00001054,,,,
0,000001f0,001e0e13,28,00000015,,,,
0,000001f4,ff3e64e3,0,00000000,,,,
0,000001dc,0007a883,17,000000ef,lw,00006074,4,000000ef
0,000001e0,00082903,18,000000ef,lw,00001054,4,000000ef
0,000001e4,03289463,0,00000000,,,,
0,000001e8,00478793,15,00006078,,,,
0,000001ec,00480813,16,00001058,,,,
0,000001f0,001e0e13,28,00000016,,,,
0,000001f4,ff3e64e3,0,00000000,,,,
0,000001dc,0007a883,17,ffffdead,lw,00006078,4,ffffdead
0,000001e0,00082903,18,ffffdead,lw,00001058,4,ffffdead
0,000001e4,03289463,0,00000000,,,,
0,000001e8,00478793,15,0000607c,,,,
0,000001ec,00480813,16,0000105c,,,,
0,000001f0,001e0e13,28,00000017,,,,
0,000001f4,ff3e64e3,0,00000000,,,,
0,000001dc,0007a883,17,0000dead,lw,0000607c,4,0000dead
0,000001e0,00082903,18,0000dead,lw,0000105c,4,0000dead
0,000001e4,03289463,0,00000000,,,,
0,000001e8,00478793,15,00006080,,,,
0,000001ec,00480813,16,00001060,,,,
0,000001f0,001e0e13,28,00000018,,,,
0,000001f4,ff3e64e3,0,00000000,,,,
0,000001dc,0007a883,17,00bbaaaa,lw,00006080,4,00bbaaaa
0,000001e0,00082903,18,00bbaaaa,lw,00001060,4,00bbaaaa
0,000001e4,03289463,0,00000000,,,,
0,000001e8,00478793,15,00006084,,,,
0,000001ec,00480813,16,00001064,,,,
0,000001f0,001e0e13,28,00000019,,,,
0,000001f4,ff3e64e3,0,00000000,,,,
0,000001dc,0007a883,17,aaaaaa11,lw,00006084,4,aaaaaa11
0,000001e0,00082903,18,aaaaaa11,lw,00001064,4,aaaaaa11
0,000001e4,03289463,0,00000000,,,,
0,000001e8,00478793,15,00006088,,,,
0,000001ec,00480813,16,00001068,,,,
0,000001f0,001e0e13,28,0000001a,,,,
0,000001f4,ff3e64e3,0,00000000,,,,
0,000001f8,50415f37,30,50415000,,,,
0,000001fc,353f0f13,30,50415353,,,,
0,00000200,01eda023,,,sw,00006000,4,50415353
0,00000204,0330000f,0,00000000,,,,
0,00000208,00100073,,,halt:ebreak,,,
